<toolSet name="External Tools">
  <tool name="Run Pre-commit (all files)" showInMainMenu="false" showInEditor="false" showInProject="false" showInSearchPopup="false" disabled="false" useConsole="true" showConsoleOnStdOut="true" showConsoleOnStdErr="true" synchronizeAfterRun="true">
    <exec>
      <option name="COMMAND" value="pre-commit" />
      <option name="PARAMETERS" value="run --color=always --all-files" />
      <option name="WORKING_DIRECTORY" value="$ProjectFileDir$" />
    </exec>
  </tool>
  <tool name="Run Pylint (all files)" showInMainMenu="false" showInEditor="false" showInProject="false" showInSearchPopup="false" disabled="false" useConsole="true" showConsoleOnStdOut="true" showConsoleOnStdErr="true" synchronizeAfterRun="true">
    <exec>
      <option name="COMMAND" value="pylint" />
      <option name="PARAMETERS" value="--recursive y" />
      <option name="WORKING_DIRECTORY" value="$ProjectFileDir$" />
    </exec>
  </tool>
</toolSet>