<application>
  <component name="SonarLintGlobalSettings">
    <option name="fileExclusions">
      <list>
        <option value="node/**" />
      </list>
    </option>
    <option name="nodejsPath" value="C:\Users\millsks\UserLocal\nvm\v18.16.1\node.exe" />
    <option name="sonarQubeServers">
      <list>
        <SonarQubeServer>
          <option name="hostUrl" value="https://sonarcloud.io" />
          <token>dfcbdfccdfc8dfcfdfcbdf99dfccdf92df98df98df98df9cdf9adfcbdf93df93dfcbdf9ddfc8df9bdf98dfccdfccdf9bdfc9df98df9fdfcedfc8df98df98df99df9edf98df9edf9fdfcbdfcbdfcbdfcc</token>
          <option name="name" value="sonarcloud" />
          <organizationKey>responsible-aiml</organizationKey>
        </SonarQubeServer>
      </list>
    </option>
    <rules />
  </component>
</application>